YEAR,Borough,n,hhwt_sum,median_util_burden,mean_util_burden,median_burden_pct,mean_burden_pct
2017,Bronx,8140,815036,0.02907133243607,0.08430127433822668,2.9071332436070003,8.430127433822667
2017,Brooklyn,10488,1072417,0.0271300448430493,0.07838123581468831,2.71300448430493,7.838123581468831
2017,Manhattan,4800,718370,0.00962765957446808,0.04895788784625855,0.9627659574468079,4.8957887846258545
2017,Queens,14943,1558748,0.0276923076923077,0.0663935003369793,2.76923076923077,6.63935003369793
2017,Staten Island,1263,143907,0.037095501183899,0.12881244729259944,3.7095501183899002,12.881244729259944
2018,Bronx,8109,817433,0.0295652173913043,0.0938470209609312,2.95652173913043,9.38470209609312
2018,Brooklyn,10691,1095986,0.0272727272727273,0.09942723566621509,2.7272727272727297,9.942723566621508
2018,Manhattan,4917,722856,0.00978450786255096,0.04061712129749872,0.9784507862550961,4.061712129749872
2018,Queens,14959,1593810,0.0280442804428044,0.10143855966935528,2.80442804428044,10.143855966935527
2018,Staten Island,1252,144851,0.0381538461538461,0.6079200405348003,3.8153846153846103,60.79200405348003
2019,Bronx,8264,836552,0.0292207792207792,0.11931057521321567,2.92207792207792,11.931057521321566
2019,Brooklyn,10670,1127983,0.0257645259938838,0.0642372156170282,2.57645259938838,6.423721561702821
2019,Manhattan,5150,737510,0.00846959181272791,0.03699339864345624,0.8469591812727909,3.6993398643456246
2019,Queens,15134,1614550,0.027027027027027,0.08456270866361018,2.7027027027027,8.456270866361018
2019,Staten Island,1291,145497,0.0334494773519164,0.07007748822773793,3.34494773519164,7.007748822773793
2020,Bronx,6571,848687,0.0299736147757256,0.10935325910193634,2.99736147757256,10.935325910193635
2020,Brooklyn,8264,1107408,0.0255047821466525,0.07877904531861743,2.55047821466525,7.877904531861743
2020,Manhattan,3718,667032,0.0104196816208394,0.04615746338620304,1.04196816208394,4.615746338620304
2020,Queens,12279,1601967,0.0276859504132231,0.11266069612769905,2.76859504132231,11.266069612769906
2020,Staten Island,1050,147223,0.036,0.07264952413975427,3.5999999999999996,7.264952413975427
2021,Bronx,7933,836969,0.0317777777777778,0.16886396539018653,3.1777777777777803,16.88639653901865
2021,Brooklyn,9984,1147529,0.0264705882352941,0.17289183833368366,2.64705882352941,17.289183833368366
2021,Manhattan,4814,700421,0.0116173120728929,0.2495129831015335,1.16173120728929,24.95129831015335
2021,Queens,15006,1640520,0.0290143964562569,0.12237845481624482,2.90143964562569,12.237845481624483
2021,Staten Island,1200,145678,0.0387016229712859,0.08462921192732563,3.87016229712859,8.462921192732562
2022,Bronx,6148,606173,0.0359550561797753,0.15595946580280914,3.5955056179775298,15.595946580280915
2022,Brooklyn,1099,88516,0.0388059701492537,0.0713894643203272,3.88059701492537,7.13894643203272
2022,Manhattan,1974,209312,0.0363688927435675,0.089653641993098,3.63688927435675,8.9653641993098
2022,Queens,5330,746482,0.0152542372881356,0.16269421432128267,1.5254237288135601,16.26942143212827
2022,Staten Island,1353,142592,0.0278401997503121,0.4801485015191859,2.7840199750312102,48.014850151918594
2023,Bronx,6261,612180,0.0373121131741821,0.09804585715262604,3.73121131741821,9.804585715262604
2023,Brooklyn,1105,85913,0.0392,0.10460208618232025,3.92,10.460208618232025
2023,Manhattan,2058,213056,0.0381538461538462,0.881523667663664,3.8153846153846196,88.1523667663664
2023,Queens,5290,729124,0.015875,0.051609083923831525,1.5875,5.160908392383153
2023,Staten Island,1364,139859,0.0277894736842105,0.0613887603585334,2.7789473684210497,6.13887603585334
2017,NYC overall,39634,4308478,0.0251046025104603,0.07194270686960229,2.51046025104603,7.194270686960229
2018,NYC overall,39928,4374936,0.0254421768707483,0.10623617273596071,2.54421768707483,10.623617273596071
2019,NYC overall,40509,4462092,0.0240963855421687,0.0776043556498049,2.40963855421687,7.76043556498049
2020,NYC overall,31882,4372317,0.0251908396946565,0.09194441707431023,2.5190839694656497,9.194441707431022
2021,NYC overall,38937,4471117,0.0266666666666667,0.16273100273759872,2.66666666666667,16.273100273759873
2022,NYC overall,15904,1793075,0.027,0.17262900203523385,2.7,17.262900203523383
2023,NYC overall,16078,1780132,0.0275109170305677,0.17023315728355518,2.75109170305677,17.023315728355517
